<resources>
  <string name="app_name">Smart Farm</string>
  <string name="action_settings">Settings</string>
  <string name="farm_light_turn_on">Turn On Light</string>
  <string name="farm_light_turn_off">Turn Off Light</string>
  <string name="farm_water_pump_on">Start Irrigation</string>
  <string name="farm_water_pump_off">Stop Irrigation</string>
  <string name="messageSpeakNow">Say Something for your Farm!</string>  
  <string name="messageVoiceWelocome">Welcome to your Smart Farm!</string>
</resources>
