<resources>

  <!-- Base application theme. -->
  <style name="AppTheme" parent="Theme.AppCompat.Light.NoActionBar">
    <!-- Customize your theme here. -->
    <item name="colorPrimary">@color/colorPrimary</item>
    <item name="colorPrimaryDark">@color/colorPrimaryDark</item>
    <item name="colorAccent">@color/colorAccent</item>
    <item name="colorControlNormal">#f9a825</item> <!-- change lines color. -->
    <item name="colorControlHighlight">#c51162</item>
    <item name="colorButtonNormal">#5893C0</item>
  </style>

</resources>
